year,state_name,state_alpha,region,planted_all,harvested_grain,yield_grain,production_grain
2005,COLORADO,CO,Semi-Arid Continental,280000,235000,38.5,9040000
2005,IOWA,IA,Temperate Humid,12800000,12500000,173.0,2162500000
2005,ILLINOIS,IL,Temperate Humid,12100000,11950000,143.0,1708850000
2005,INDIANA,IN,Temperate Humid,5900000,5770000,154.0,888580000
2005,KANSAS,KS,Semi-Arid Continental,2060000,1940000,94.0,182800000
2005,KENTUCKY,KY,Subtropical Humid,1250000,1180000,132.0,155760000
2005,MICHIGAN,MI,Temperate Humid,2250000,2010000,143.0,287430000
2005,MINNESOTA,MN,Temperate Humid,7300000,6850000,174.0,1191900000
2005,MISSOURI,MO,Temperate Humid,3100000,2970000,111.0,329670000
2005,NORTH CAROLINA,NC,Subtropical Humid,750000,700000,120.0,84000000
2005,NORTH DAKOTA,ND,Semi-Arid Continental,1338000,1139000,127.5,145255000
2005,NEBRASKA,NE,Semi-Arid Continental,3460000,3325000,108.5,360750000
2005,OHIO,OH,Temperate Humid,3450000,3250000,143.0,464750000
2005,PENNSYLVANIA,PA,Temperate Humid,1350000,960000,122.0,117120000
2005,SOUTH DAKOTA,SD,Semi-Arid Continental,4280000,3790000,116.8,442850000
2005,TENNESSEE,TN,Subtropical Humid,650000,595000,130.0,77350000
2005,TEXAS,TX,Semi-Arid Continental,1210000,1110000,70.6,78420000
2005,WISCONSIN,WI,Temperate Humid,3800000,2900000,148.0,429200000
2006,COLORADO,CO,Semi-Arid Continental,290000,235000,32.0,7520000
2006,IOWA,IA,Temperate Humid,12600000,12350000,166.0,2050100000
2006,ILLINOIS,IL,Temperate Humid,11300000,11150000,163.0,1817450000
2006,INDIANA,IN,Temperate Humid,5500000,5380000,157.0,844660000
2006,KANSAS,KS,Semi-Arid Continental,1990000,1720000,72.0,124000000
2006,KENTUCKY,KY,Subtropical Humid,1120000,1040000,146.0,151840000
2006,MICHIGAN,MI,Temperate Humid,2200000,1950000,147.0,286650000
2006,MINNESOTA,MN,Temperate Humid,7300000,6850000,161.0,1102850000
2006,MISSOURI,MO,Temperate Humid,2700000,2630000,138.0,362940000
2006,NORTH CAROLINA,NC,Subtropical Humid,790000,740000,132.0,97680000
2006,NORTH DAKOTA,ND,Semi-Arid Continental,1605800,1326200,108.3,143680000
2006,NEBRASKA,NE,Semi-Arid Continental,3235000,3035000,101.0,306535000
2006,OHIO,OH,Temperate Humid,3150000,2960000,159.0,470640000
2006,PENNSYLVANIA,PA,Temperate Humid,1350000,960000,122.0,117120000
2006,SOUTH DAKOTA,SD,Semi-Arid Continental,4324000,3054000,93.1,284340000
2006,TENNESSEE,TN,Subtropical Humid,550000,500000,125.0,62500000
2006,TEXAS,TX,Semi-Arid Continental,996000,787000,72.0,57000000
2006,WISCONSIN,WI,Temperate Humid,3650000,2800000,143.0,400400000
2007,COLORADO,CO,Semi-Arid Continental,450000,420000,60.5,25400000
2007,IOWA,IA,Temperate Humid,14200000,13900000,171.0,2376900000
2007,ILLINOIS,IL,Temperate Humid,13200000,13050000,175.0,2283750000
2007,INDIANA,IN,Temperate Humid,6500000,6370000,154.0,980980000
2007,KANSAS,KS,Semi-Arid Continental,2275000,2113000,97.0,205040000
2007,KENTUCKY,KY,Subtropical Humid,1440000,1340000,128.0,171520000
2007,MICHIGAN,MI,Temperate Humid,2650000,2340000,123.0,287820000
2007,MINNESOTA,MN,Temperate Humid,8400000,7850000,146.0,1146100000
2007,MISSOURI,MO,Temperate Humid,3450000,3270000,140.0,457800000
2007,NORTH CAROLINA,NC,Subtropical Humid,1090000,1010000,100.0,101000000
2007,NORTH DAKOTA,ND,Semi-Arid Continental,2445200,2243100,114.5,256818000
2007,NEBRASKA,NE,Semi-Arid Continental,3555000,3468000,125.0,433500000
2007,OHIO,OH,Temperate Humid,3850000,3610000,150.0,541500000
2007,PENNSYLVANIA,PA,Temperate Humid,1430000,980000,124.0,121520000
2007,SOUTH DAKOTA,SD,Semi-Arid Continental,4735000,4279000,118.6,507480000
2007,TENNESSEE,TN,Subtropical Humid,860000,790000,106.0,83740000
2007,TEXAS,TX,Semi-Arid Continental,1081000,1020000,101.0,102560000
2007,WISCONSIN,WI,Temperate Humid,4050000,3280000,135.0,442800000
2008,COLORADO,CO,Semi-Arid Continental,400000,300000,45.0,13600000
2008,IOWA,IA,Temperate Humid,13300000,12800000,171.0,2188800000
2008,ILLINOIS,IL,Temperate Humid,12100000,11900000,179.0,2130100000
2008,INDIANA,IN,Temperate Humid,5700000,5460000,160.0,873600000
2008,KANSAS,KS,Semi-Arid Continental,2275000,2104000,97.0,203190000
2008,KENTUCKY,KY,Subtropical Humid,1210000,1120000,136.0,152320000
2008,MICHIGAN,MI,Temperate Humid,2400000,2140000,138.0,295320000
2008,MINNESOTA,MN,Temperate Humid,7700000,7200000,162.0,1166400000
2008,MISSOURI,MO,Temperate Humid,2800000,2650000,144.0,381600000
2008,NORTH CAROLINA,NC,Subtropical Humid,900000,830000,78.0,64740000
2008,NORTH DAKOTA,ND,Semi-Arid Continental,2441000,2199000,123.0,269731000
2008,NEBRASKA,NE,Semi-Arid Continental,3440000,3335000,130.0,433550000
2008,OHIO,OH,Temperate Humid,3300000,3120000,131.0,408720000
2008,PENNSYLVANIA,PA,Temperate Humid,1350000,880000,133.0,117040000
2008,SOUTH DAKOTA,SD,Semi-Arid Continental,4535000,4198000,131.0,550050000
2008,TENNESSEE,TN,Subtropical Humid,690000,630000,118.0,74340000
2008,TEXAS,TX,Semi-Arid Continental,1150000,1020000,62.0,63440000
2008,WISCONSIN,WI,Temperate Humid,3800000,2880000,137.0,394560000
2009,COLORADO,CO,Semi-Arid Continental,300000,290000,67.0,19470000
2009,IOWA,IA,Temperate Humid,13600000,13300000,181.0,2407300000
2009,ILLINOIS,IL,Temperate Humid,12000000,11800000,174.0,2053200000
2009,INDIANA,IN,Temperate Humid,5600000,5460000,171.0,933660000
2009,KANSAS,KS,Semi-Arid Continental,2485000,2350000,123.0,288300000
2009,KENTUCKY,KY,Subtropical Humid,1220000,1150000,165.0,189750000
2009,MICHIGAN,MI,Temperate Humid,2350000,2090000,148.0,309320000
2009,MINNESOTA,MN,Temperate Humid,7600000,7150000,174.0,1244100000
2009,MISSOURI,MO,Temperate Humid,3000000,2920000,153.0,446760000
2009,NORTH CAROLINA,NC,Subtropical Humid,870000,800000,117.0,93600000
2009,NORTH DAKOTA,ND,Semi-Arid Continental,1950000,1750000,121.0,211750000
2009,NEBRASKA,NE,Semi-Arid Continental,3680000,3560000,149.8,533424000
2009,OHIO,OH,Temperate Humid,3350000,3140000,171.0,536940000
2009,PENNSYLVANIA,PA,Temperate Humid,1350000,920000,142.0,130640000
2009,SOUTH DAKOTA,SD,Semi-Arid Continental,4785000,4476000,150.0,669817000
2009,TENNESSEE,TN,Subtropical Humid,670000,590000,148.0,87320000
2009,TEXAS,TX,Semi-Arid Continental,1160000,890000,48.0,42732000
2009,WISCONSIN,WI,Temperate Humid,3850000,2930000,153.0,448290000
2010,COLORADO,CO,Semi-Arid Continental,490000,470000,73.9,34710000
2010,IOWA,IA,Temperate Humid,13400000,13050000,165.0,2153250000
2010,ILLINOIS,IL,Temperate Humid,12600000,12400000,157.0,1946800000
2010,INDIANA,IN,Temperate Humid,5900000,5720000,157.0,898040000
2010,KANSAS,KS,Semi-Arid Continental,3180000,3050000,91.2,278210000
2010,KENTUCKY,KY,Subtropical Humid,1340000,1230000,124.0,152520000
2010,MICHIGAN,MI,Temperate Humid,2400000,2100000,149.0,312900000
2010,MINNESOTA,MN,Temperate Humid,7700000,7300000,177.0,1292100000
2010,MISSOURI,MO,Temperate Humid,3150000,3000000,123.0,369000000
2010,NORTH CAROLINA,NC,Subtropical Humid,910000,840000,91.0,76440000
2010,NORTH DAKOTA,ND,Semi-Arid Continental,2050000,1880000,132.0,248160000
2010,NEBRASKA,NE,Semi-Arid Continental,3730000,3610000,137.5,496550000
2010,OHIO,OH,Temperate Humid,3450000,3270000,160.0,523200000
2010,PENNSYLVANIA,PA,Temperate Humid,1350000,910000,128.0,116480000
2010,SOUTH DAKOTA,SD,Semi-Arid Continental,4550000,4220000,135.0,569700000
2010,TENNESSEE,TN,Subtropical Humid,710000,640000,117.0,74880000
2010,TEXAS,TX,Semi-Arid Continental,1140000,1030000,86.8,89379000
2010,WISCONSIN,WI,Temperate Humid,3900000,3100000,162.0,502200000
2011,COLORADO,CO,Semi-Arid Continental,610000,515000,55.1,28400000
2011,IOWA,IA,Temperate Humid,14100000,13700000,172.0,2356400000
2011,ILLINOIS,IL,Temperate Humid,12600000,12350000,157.0,1938950000
2011,INDIANA,IN,Temperate Humid,5900000,5750000,146.0,839500000
2011,KANSAS,KS,Semi-Arid Continental,3210000,2670000,76.4,203900000
2011,KENTUCKY,KY,Subtropical Humid,1380000,1300000,139.0,180700000
2011,MICHIGAN,MI,Temperate Humid,2500000,2190000,153.0,335070000
2011,MINNESOTA,MN,Temperate Humid,8100000,7700000,155.0,1193500000
2011,MISSOURI,MO,Temperate Humid,3300000,3050000,114.0,347700000
2011,NORTH CAROLINA,NC,Subtropical Humid,870000,815000,84.0,68460000
2011,NORTH DAKOTA,ND,Semi-Arid Continental,2230000,2060000,105.0,216300000
2011,NEBRASKA,NE,Semi-Arid Continental,4085000,4000000,132.0,528000000
2011,OHIO,OH,Temperate Humid,3400000,3200000,153.0,489600000
2011,PENNSYLVANIA,PA,Temperate Humid,1420000,960000,111.0,106560000
2011,SOUTH DAKOTA,SD,Semi-Arid Continental,5200000,4950000,132.0,653400000
2011,TENNESSEE,TN,Subtropical Humid,790000,735000,131.0,96285000
2011,TEXAS,TX,Semi-Arid Continental,930000,652000,40.8,26588000
2011,WISCONSIN,WI,Temperate Humid,4150000,3320000,155.0,514600000
2012,COLORADO,CO,Semi-Arid Continental,560000,305000,17.5,5330000
2012,IOWA,IA,Temperate Humid,14200000,13700000,137.0,1876900000
2012,ILLINOIS,IL,Temperate Humid,12800000,12250000,105.0,1286250000
2012,INDIANA,IN,Temperate Humid,6250000,6030000,99.0,596970000
2012,KANSAS,KS,Semi-Arid Continental,3090000,2450000,49.0,119939000
2012,KENTUCKY,KY,Subtropical Humid,1650000,1530000,68.0,104040000
2012,MICHIGAN,MI,Temperate Humid,2700000,2380000,132.0,314160000
2012,MINNESOTA,MN,Temperate Humid,8750000,8330000,165.0,1374450000
2012,MISSOURI,MO,Temperate Humid,3600000,3300000,75.0,247500000
2012,NORTH CAROLINA,NC,Subtropical Humid,870000,820000,117.0,95940000
2012,NORTH DAKOTA,ND,Semi-Arid Continental,3640000,3460000,122.0,422120000
2012,NEBRASKA,NE,Semi-Arid Continental,4150000,3325000,58.5,194500000
2012,OHIO,OH,Temperate Humid,3900000,3650000,120.0,438000000
2012,PENNSYLVANIA,PA,Temperate Humid,1460000,1000000,131.0,131000000
2012,SOUTH DAKOTA,SD,Semi-Arid Continental,6150000,5300000,101.0,535300000
2012,TENNESSEE,TN,Subtropical Humid,1040000,960000,85.0,81600000
2012,TEXAS,TX,Semi-Arid Continental,920000,766000,83.8,64202000
2012,WISCONSIN,WI,Temperate Humid,4350000,3300000,120.0,396000000
2013,COLORADO,CO,Semi-Arid Continental,460000,340000,31.0,10540000
2013,IOWA,IA,Temperate Humid,13600000,13050000,164.0,2140200000
2013,ILLINOIS,IL,Temperate Humid,12000000,11800000,178.0,2100400000
2013,INDIANA,IN,Temperate Humid,6000000,5830000,177.0,1031910000
2013,KANSAS,KS,Semi-Arid Continental,2745000,2500000,88.0,219893000
2013,KENTUCKY,KY,Subtropical Humid,1530000,1430000,170.0,243100000
2013,MICHIGAN,MI,Temperate Humid,2600000,2230000,155.0,345650000
2013,MINNESOTA,MN,Temperate Humid,8600000,8140000,159.0,1294260000
2013,MISSOURI,MO,Temperate Humid,3350000,3200000,136.0,435200000
2013,NORTH CAROLINA,NC,Subtropical Humid,930000,860000,142.0,122120000
2013,NORTH DAKOTA,ND,Semi-Arid Continental,3850000,3600000,110.0,396000000
2013,NEBRASKA,NE,Semi-Arid Continental,4045000,3835000,128.7,493610000
2013,OHIO,OH,Temperate Humid,3900000,3740000,174.0,650760000
2013,PENNSYLVANIA,PA,Temperate Humid,1480000,1090000,146.0,159140000
2013,SOUTH DAKOTA,SD,Semi-Arid Continental,6200000,5860000,137.0,802820000
2013,TENNESSEE,TN,Subtropical Humid,890000,810000,156.0,126360000
2013,TEXAS,TX,Semi-Arid Continental,1222000,1017000,83.4,84774000
2013,WISCONSIN,WI,Temperate Humid,4100000,3030000,145.0,439350000
2014,COLORADO,CO,Semi-Arid Continental,369000,350000,61.2,21420000
2014,IOWA,IA,Temperate Humid,13700000,13300000,178.0,2367400000
2014,ILLINOIS,IL,Temperate Humid,11900000,11750000,200.0,2350000000
2014,INDIANA,IN,Temperate Humid,5900000,5770000,188.0,1084760000
2014,KANSAS,KS,Semi-Arid Continental,2550000,2406000,121.8,292947000
2014,KENTUCKY,KY,Subtropical Humid,1520000,1430000,158.0,225940000
2014,MICHIGAN,MI,Temperate Humid,2550000,2210000,161.0,355810000
2014,MINNESOTA,MN,Temperate Humid,8200000,7550000,156.0,1177800000
2014,MISSOURI,MO,Temperate Humid,3500000,3380000,186.0,628680000
2014,NORTH CAROLINA,NC,Subtropical Humid,840000,780000,132.0,102960000
2014,NORTH DAKOTA,ND,Semi-Arid Continental,2800000,2530000,124.0,313720000
2014,NEBRASKA,NE,Semi-Arid Continental,3810000,3697000,147.5,545474000
2014,OHIO,OH,Temperate Humid,3700000,3480000,176.0,612480000
2014,PENNSYLVANIA,PA,Temperate Humid,1460000,1030000,154.0,158620000
2014,SOUTH DAKOTA,SD,Semi-Arid Continental,5800000,5320000,148.0,787360000
2014,TENNESSEE,TN,Subtropical Humid,920000,840000,168.0,141120000
2014,TEXAS,TX,Semi-Arid Continental,1134000,1052000,99.8,104981000
2014,WISCONSIN,WI,Temperate Humid,4000000,3110000,156.0,485160000
2015,COLORADO,CO,Semi-Arid Continental,362000,350000,62.6,21900000
2015,IOWA,IA,Temperate Humid,13500000,13050000,192.0,2505600000
2015,ILLINOIS,IL,Temperate Humid,11700000,11500000,175.0,2012500000
2015,INDIANA,IN,Temperate Humid,5650000,5480000,150.0,822000000
2015,KANSAS,KS,Semi-Arid Continental,2655000,2518000,115.5,290806000
2015,KENTUCKY,KY,Subtropical Humid,1400000,1310000,172.0,225320000
2015,MICHIGAN,MI,Temperate Humid,2350000,2070000,162.0,335340000
2015,MINNESOTA,MN,Temperate Humid,8100000,7600000,188.0,1428800000
2015,MISSOURI,MO,Temperate Humid,3250000,3080000,142.0,437360000
2015,NORTH CAROLINA,NC,Subtropical Humid,790000,730000,113.0,82490000
2015,NORTH DAKOTA,ND,Semi-Arid Continental,2750000,2560000,128.0,327680000
2015,NEBRASKA,NE,Semi-Arid Continental,3880000,3783000,153.7,581324000
2015,OHIO,OH,Temperate Humid,3550000,3260000,153.0,498780000
2015,PENNSYLVANIA,PA,Temperate Humid,1340000,940000,147.0,138180000
2015,SOUTH DAKOTA,SD,Semi-Arid Continental,5400000,5030000,159.0,799770000
2015,TENNESSEE,TN,Subtropical Humid,780000,730000,160.0,116800000
2015,TEXAS,TX,Semi-Arid Continental,970000,885000,75.0,66400000
2015,WISCONSIN,WI,Temperate Humid,4000000,3000000,164.0,492000000
2016,COLORADO,CO,Semi-Arid Continental,541000,500000,66.6,33300000
2016,IOWA,IA,Temperate Humid,13900000,13500000,203.0,2740500000
2016,ILLINOIS,IL,Temperate Humid,11600000,11450000,197.0,2255650000
2016,INDIANA,IN,Temperate Humid,5600000,5470000,173.0,946310000
2016,KANSAS,KS,Semi-Arid Continental,3465000,3370000,120.3,405257000
2016,KENTUCKY,KY,Subtropical Humid,1500000,1400000,159.0,222600000
2016,MICHIGAN,MI,Temperate Humid,2400000,2040000,157.0,320280000
2016,MINNESOTA,MN,Temperate Humid,8450000,8000000,193.0,1544000000
2016,MISSOURI,MO,Temperate Humid,3650000,3500000,163.0,570500000
2016,NORTH CAROLINA,NC,Subtropical Humid,1000000,940000,129.0,121260000
2016,NORTH DAKOTA,ND,Semi-Arid Continental,3450000,3270000,158.0,516660000
2016,NEBRASKA,NE,Semi-Arid Continental,4088000,3973000,147.2,584961000
2016,OHIO,OH,Temperate Humid,3550000,3300000,159.0,524700000
2016,PENNSYLVANIA,PA,Temperate Humid,1400000,950000,129.0,122550000
2016,SOUTH DAKOTA,SD,Semi-Arid Continental,5600000,5130000,161.0,825930000
2016,TENNESSEE,TN,Subtropical Humid,880000,830000,151.0,125330000
2016,TEXAS,TX,Semi-Arid Continental,1500000,1350000,81.5,110000000
2016,WISCONSIN,WI,Temperate Humid,4050000,3220000,178.0,573160000
2017,COLORADO,CO,Semi-Arid Continental,667000,634000,82.3,52200000
2017,IOWA,IA,Temperate Humid,13300000,12900000,202.0,2605800000
2017,ILLINOIS,IL,Temperate Humid,11200000,10950000,201.0,2200950000
2017,INDIANA,IN,Temperate Humid,5350000,5200000,180.0,936000000
2017,KANSAS,KS,Semi-Arid Continental,3967000,3778000,107.3,405495000
2017,KENTUCKY,KY,Subtropical Humid,1320000,1220000,178.0,217160000
2017,MICHIGAN,MI,Temperate Humid,2250000,1890000,159.0,300510000
2017,MINNESOTA,MN,Temperate Humid,8050000,7630000,194.0,1480220000
2017,MISSOURI,MO,Temperate Humid,3400000,3250000,170.0,552500000
2017,NORTH CAROLINA,NC,Subtropical Humid,890000,840000,142.0,119280000
2017,NORTH DAKOTA,ND,Semi-Arid Continental,3420000,3230000,139.0,448970000
2017,NEBRASKA,NE,Semi-Arid Continental,4117000,4022000,144.6,581585000
2017,OHIO,OH,Temperate Humid,3400000,3150000,177.0,557550000
2017,PENNSYLVANIA,PA,Temperate Humid,1350000,920000,161.0,148120000
2017,SOUTH DAKOTA,SD,Semi-Arid Continental,5700000,5080000,145.0,736600000
2017,TENNESSEE,TN,Subtropical Humid,750000,710000,171.0,121410000
2017,TEXAS,TX,Semi-Arid Continental,1348000,1285000,101.2,130000000
2017,WISCONSIN,WI,Temperate Humid,3900000,2930000,174.0,509820000
2018,COLORADO,CO,Semi-Arid Continental,672000,610000,66.7,40700000
2018,IOWA,IA,Temperate Humid,13200000,12750000,196.0,2499000000
2018,ILLINOIS,IL,Temperate Humid,11000000,10800000,210.0,2268000000
2018,INDIANA,IN,Temperate Humid,5300000,5120000,189.0,967680000
2018,KANSAS,KS,Semi-Arid Continental,3882000,3559000,102.5,364700000
2018,KENTUCKY,KY,Subtropical Humid,1330000,1220000,175.0,213500000
2018,MICHIGAN,MI,Temperate Humid,2250000,1860000,152.0,282720000
2018,MINNESOTA,MN,Temperate Humid,7900000,7460000,182.0,1357720000
2018,MISSOURI,MO,Temperate Humid,3500000,3300000,140.0,462000000
2018,NORTH CAROLINA,NC,Subtropical Humid,910000,830000,113.0,93790000
2018,NORTH DAKOTA,ND,Semi-Arid Continental,3150000,2930000,153.0,448290000
2018,NEBRASKA,NE,Semi-Arid Continental,4117000,3993000,160.3,640238000
2018,OHIO,OH,Temperate Humid,3500000,3300000,187.0,617100000
2018,PENNSYLVANIA,PA,Temperate Humid,1250000,855000,140.0,119700000
2018,SOUTH DAKOTA,SD,Semi-Arid Continental,5300000,4860000,160.0,777600000
2018,TENNESSEE,TN,Subtropical Humid,720000,670000,168.0,112560000
2018,TEXAS,TX,Semi-Arid Continental,1205000,1000000,69.0,69000000
2018,WISCONSIN,WI,Temperate Humid,3900000,3170000,172.0,545240000
2019,COLORADO,CO,Semi-Arid Continental,1550000,1300000,123.0,159900000
2019,IOWA,IA,Temperate Humid,13400000,12950000,198.0,2564100000
2019,ILLINOIS,IL,Temperate Humid,10500000,10200000,181.0,1846200000
2019,INDIANA,IN,Temperate Humid,4950000,4770000,169.0,806130000
2019,KANSAS,KS,Semi-Arid Continental,6400000,6020000,133.0,800660000
2019,KENTUCKY,KY,Subtropical Humid,1550000,1450000,169.0,245050000
2019,MICHIGAN,MI,Temperate Humid,2000000,1610000,147.0,236670000
2019,MINNESOTA,MN,Temperate Humid,7800000,7250000,174.0,1261500000
2019,MISSOURI,MO,Temperate Humid,3200000,2980000,155.0,461900000
2019,NORTH CAROLINA,NC,Subtropical Humid,990000,930000,111.0,103230000
2019,NORTH DAKOTA,ND,Semi-Arid Continental,3500000,3130000,131.0,410030000
2019,NEBRASKA,NE,Semi-Arid Continental,10100000,9810000,182.0,1785420000
2019,OHIO,OH,Temperate Humid,2800000,2570000,164.0,421480000
2019,PENNSYLVANIA,PA,Temperate Humid,1300000,930000,153.0,142290000
2019,SOUTH DAKOTA,SD,Semi-Arid Continental,4350000,3870000,144.0,557280000
2019,TENNESSEE,TN,Subtropical Humid,970000,910000,177.0,161070000
2019,TEXAS,TX,Semi-Arid Continental,2500000,2150000,133.0,285950000
2019,WISCONSIN,WI,Temperate Humid,3800000,2670000,166.0,443220000
2020,COLORADO,CO,Semi-Arid Continental,1420000,1060000,116.0,122960000
2020,IOWA,IA,Temperate Humid,13600000,12900000,177.0,2283300000
2020,ILLINOIS,IL,Temperate Humid,11300000,11100000,191.0,2120100000
2020,INDIANA,IN,Temperate Humid,5400000,5250000,187.0,981750000
2020,KANSAS,KS,Semi-Arid Continental,6100000,5720000,134.0,766480000
2020,KENTUCKY,KY,Subtropical Humid,1470000,1360000,184.0,250240000
2020,MICHIGAN,MI,Temperate Humid,2350000,1980000,153.0,302940000
2020,MINNESOTA,MN,Temperate Humid,8000000,7510000,191.0,1434410000
2020,MISSOURI,MO,Temperate Humid,3450000,3280000,170.0,557600000
2020,NORTH CAROLINA,NC,Subtropical Humid,990000,940000,113.0,106220000
2020,NORTH DAKOTA,ND,Semi-Arid Continental,1950000,1780000,139.0,247420000
2020,NEBRASKA,NE,Semi-Arid Continental,10200000,9840000,180.0,1771200000
2020,OHIO,OH,Temperate Humid,3550000,3300000,171.0,564300000
2020,PENNSYLVANIA,PA,Temperate Humid,1320000,905000,138.0,124890000
2020,SOUTH DAKOTA,SD,Semi-Arid Continental,4900000,4450000,162.0,720900000
2020,TENNESSEE,TN,Subtropical Humid,860000,815000,170.0,138550000
2020,TEXAS,TX,Semi-Arid Continental,2250000,1810000,128.0,231680000
2020,WISCONSIN,WI,Temperate Humid,3950000,2930000,173.0,506890000
2021,COLORADO,CO,Semi-Arid Continental,1370000,1140000,129.0,147060000
2021,IOWA,IA,Temperate Humid,12900000,12450000,204.0,2539800000
2021,ILLINOIS,IL,Temperate Humid,11000000,10850000,202.0,2191700000
2021,INDIANA,IN,Temperate Humid,5400000,5270000,195.0,1027650000
2021,KANSAS,KS,Semi-Arid Continental,5700000,5400000,139.0,750600000
2021,KENTUCKY,KY,Subtropical Humid,1530000,1420000,192.0,272640000
2021,MICHIGAN,MI,Temperate Humid,2350000,1990000,174.0,346260000
2021,MINNESOTA,MN,Temperate Humid,8350000,7790000,177.0,1378830000
2021,MISSOURI,MO,Temperate Humid,3600000,3430000,159.0,545370000
2021,NORTH CAROLINA,NC,Subtropical Humid,960000,905000,149.0,134845000
2021,NORTH DAKOTA,ND,Semi-Arid Continental,4100000,3630000,105.0,381150000
2021,NEBRASKA,NE,Semi-Arid Continental,9900000,9560000,194.0,1854640000
2021,OHIO,OH,Temperate Humid,3550000,3340000,193.0,644620000
2021,PENNSYLVANIA,PA,Temperate Humid,1180000,850000,169.0,143650000
2021,SOUTH DAKOTA,SD,Semi-Arid Continental,6150000,5480000,134.0,734320000
2021,TENNESSEE,TN,Subtropical Humid,990000,930000,170.0,158100000
2021,TEXAS,TX,Semi-Arid Continental,2150000,1850000,128.0,236800000
2021,WISCONSIN,WI,Temperate Humid,3950000,3000000,180.0,540000000
2022,COLORADO,CO,Semi-Arid Continental,1340000,970000,121.0,117370000
2022,IOWA,IA,Temperate Humid,12900000,12350000,200.0,2470000000
2022,ILLINOIS,IL,Temperate Humid,10800000,10600000,214.0,2268400000
2022,INDIANA,IN,Temperate Humid,5250000,5130000,190.0,974700000
2022,KANSAS,KS,Semi-Arid Continental,5500000,4440000,115.0,510600000
2022,KENTUCKY,KY,Subtropical Humid,1420000,1330000,156.0,207480000
2022,MICHIGAN,MI,Temperate Humid,2300000,1940000,168.0,325920000
2022,MINNESOTA,MN,Temperate Humid,8000000,7490000,195.0,1460550000
2022,MISSOURI,MO,Temperate Humid,3350000,3110000,161.0,500710000
2022,NORTH CAROLINA,NC,Subtropical Humid,820000,775000,126.0,97650000
2022,NORTH DAKOTA,ND,Semi-Arid Continental,2950000,2650000,130.0,344500000
2022,NEBRASKA,NE,Semi-Arid Continental,9600000,8820000,165.0,1455300000
2022,OHIO,OH,Temperate Humid,3400000,3180000,187.0,594660000
2022,PENNSYLVANIA,PA,Temperate Humid,1020000,645000,140.0,90300000
2022,SOUTH DAKOTA,SD,Semi-Arid Continental,5750000,5010000,132.0,661320000
2022,TENNESSEE,TN,Subtropical Humid,830000,785000,130.0,102050000
2022,TEXAS,TX,Semi-Arid Continental,2150000,1610000,95.0,152950000
2022,WISCONSIN,WI,Temperate Humid,3900000,2990000,180.0,538200000
2023,COLORADO,CO,Semi-Arid Continental,1330000,1015000,122.0,123830000
2023,IOWA,IA,Temperate Humid,13100000,12550000,201.0,2522550000
2023,ILLINOIS,IL,Temperate Humid,11200000,11050000,206.0,2276300000
2023,INDIANA,IN,Temperate Humid,5450000,5310000,203.0,1077930000
2023,KANSAS,KS,Semi-Arid Continental,5750000,5150000,119.0,612850000
2023,KENTUCKY,KY,Subtropical Humid,1600000,1500000,187.0,280500000
2023,MICHIGAN,MI,Temperate Humid,2400000,2060000,168.0,346080000
2023,MINNESOTA,MN,Temperate Humid,8600000,8180000,185.0,1513300000
2023,MISSOURI,MO,Temperate Humid,3850000,3670000,153.0,561510000
2023,NORTH CAROLINA,NC,Subtropical Humid,950000,900000,147.0,132300000
2023,NORTH DAKOTA,ND,Semi-Arid Continental,4050000,3800000,143.0,543400000
2023,NEBRASKA,NE,Semi-Arid Continental,9950000,9500000,182.0,1729000000
2023,OHIO,OH,Temperate Humid,3600000,3400000,198.0,673200000
2023,PENNSYLVANIA,PA,Temperate Humid,1040000,680000,157.0,106760000
2023,SOUTH DAKOTA,SD,Semi-Arid Continental,6300000,5620000,152.0,854240000
2023,TENNESSEE,TN,Subtropical Humid,940000,890000,173.0,153970000
2023,TEXAS,TX,Semi-Arid Continental,2500000,2100000,122.0,256200000
2023,WISCONSIN,WI,Temperate Humid,4000000,3140000,176.0,552640000
2024,COLORADO,CO,Semi-Arid Continental,1460000,1180000,116.0,136880000
2024,IOWA,IA,Temperate Humid,12900000,12450000,211.0,2626950000
2024,ILLINOIS,IL,Temperate Humid,10800000,10650000,217.0,2311050000
2024,INDIANA,IN,Temperate Humid,5200000,5050000,198.0,999900000
2024,KANSAS,KS,Semi-Arid Continental,6300000,5800000,129.0,748200000
2024,KENTUCKY,KY,Subtropical Humid,1370000,1280000,178.0,227840000
2024,MICHIGAN,MI,Temperate Humid,2300000,1950000,181.0,352950000
2024,MINNESOTA,MN,Temperate Humid,8200000,7730000,174.0,1345020000
2024,MISSOURI,MO,Temperate Humid,3500000,3350000,183.0,613050000
2024,NORTH CAROLINA,NC,Subtropical Humid,890000,810000,87.0,70470000
2024,NORTH DAKOTA,ND,Semi-Arid Continental,3950000,3640000,149.0,542360000
2024,NEBRASKA,NE,Semi-Arid Continental,10050000,9590000,188.0,1802920000
2024,OHIO,OH,Temperate Humid,3400000,3200000,177.0,566400000
2024,PENNSYLVANIA,PA,Temperate Humid,1050000,700000,138.0,96600000
2024,SOUTH DAKOTA,SD,Semi-Arid Continental,5900000,5390000,164.0,883960000
2024,TENNESSEE,TN,Subtropical Humid,700000,660000,152.0,100320000
2024,TEXAS,TX,Semi-Arid Continental,2200000,1890000,112.0,211680000
2024,WISCONSIN,WI,Temperate Humid,3750000,2960000,174.0,515040000
